TransactionID,Filing EntityID,Committee Name,Candidate Last Name,Candidate First Name,Candidate Middle Name,Candidate Suffix,Committee Type,Payee Name,Payee Type,Payee Address Line1,Payee Address Line2,Payee City,Payee State,Payee Zip Code,Vendor Name,Vendor Type,Vendor Address Line1,Vendor Address Line2,Vendor City,Vendor State,Vendor Zip Code,Transaction Date,Transaction Amount,Expenditure Type,Category,Purpose,Fund Type,Report Name,Candidate Or Ballot Question Name,Stance,Amount Applied
3149378,1003374,"Griffith, Melony Citizens For",Griffith,Melony,Ghee,,Candidate,Metropolitan Baptist Church,Business/Group/Organization,1200 Mercantile Lane,Ste. 115B,Largo,MD,20774,,,,,,,,1/6/26,2000,Monetary,Other Expenses,For Close Out Only - Charitable Donation,Electoral,2026 Annual,,,
3058673,5007521,Baltimore County Democratic Central Committee,,,,,Party Central,Woodbrook Baptist Church,Business/Group/Organization,25 Stevenson Ln,,Baltimore,MD,21212,,,,,,,,12/19/25,600,Monetary,Rent and Other Office Expenses,Office Rent,Electoral,2026 Annual,,,
3147639,1009796,"Jackson, Michael A., Friends of",JACKSON,MICHAEL,ANGELO,,Candidate,Mount Calvary Catholic Church Ladies of Charity,Business/Group/Organization,6700 Marlboro Pike,,Forestville,MD,20747,,,,,,,,11/24/25,2166.66,Monetary,Other Expenses,Other,Electoral,2026 Annual,,,
3058671,5007521,Baltimore County Democratic Central Committee,,,,,Party Central,Woodbrook Baptist Church,Business/Group/Organization,25 Stevenson Ln,,Baltimore,MD,21212,,,,,,,,11/23/25,400,Monetary,Rent and Other Office Expenses,Office Rent,Electoral,2026 Annual,,,
3157755,2008639,District 14 Team Slate,,,,,Slate,Liberty Grove Church - Food Pantry,Non-Profit Organization,15225 Old Columbia Pike,,Burtonsville,MD,20866,,,,,,,,11/20/25,1000,Monetary,Other Expenses,Media,Electoral,2026 Annual,,,
3051656,1000687,"Turner, Veronica Friends Of",TURNER,VERONICA,LILLIAN,,Candidate,Central Baptist Church,Business/Group/Organization,5600 Old Branch Ave,,Camp Spring,MD,20748,,,,,,,,11/19/25,500,Monetary,Fundraiser,Fundraiser - Food & Beverage,Electoral,2026 Annual,,,
3503701,1011532,"Charkoudian, Lorig Friends of",CHARKOUDIAN,LORIG,,,Candidate,Clifton Park Baptist Church,Business/Group/Organization,8818 Piney Branch Rd,,Silver Spring,MD,20903-3506,,,,,,,,11/16/25,300,Monetary,Field Expenses,Meeting Expenses,Electoral,2026 Annual,,,
3058670,5007521,Baltimore County Democratic Central Committee,,,,,Party Central,Woodbrook Baptist Church,Business/Group/Organization,25 Stevenson Ln,,Baltimore,MD,21212,,,,,,,,10/21/25,400,Monetary,Rent and Other Office Expenses,Office Rent,Electoral,2026 Annual,,,
2864651,1007182,"McCray, Cory Friends of",MCCRAY,CORY,,,Candidate,New Shiloh Baptist Church,Business/Group/Organization,2100 Monroe Street,,Baltimore,MD,21217,,,,,,,,10/14/25,125,Monetary,Field Expenses,Event or Fair Booth Expenses,Electoral,2026 Annual,,,
2862208,1009308,"Charles, Nicholas Friends for",CHARLES,NICHOLAS,PATRICK,,Candidate,First Baptist Church of District Heights,Business/Group/Organization,7234 Landsdale St,,District Heights,MD,20747,,,,,,,,10/6/25,600,Monetary,Field Expenses,Event or Fair Booth Expenses,Electoral,2026 Annual,,,
3514430,1010453,"Atterbeary, Vanessa Committee to Elect",ATTERBEARY,VANESSA,ELAINE,,Candidate,First Baptist Church of Guilford,Business/Group/Organization,7504 Oakland Mills Rd,,Columbia,MD,21046,,,,,,,,10/3/25,150,Monetary,Other Expenses,Other,Electoral,2026 Annual,,,
3563401,1013584,"Long, Jeffrie Friends of",LONG,JEFFRIE,EUGENE,,Candidate,Communion Way of the Cross Church of Christ,Business/Group/Organization,4005 Old Town RD,,Huntingtown,MD,20639,,,,,,,,9/30/25,1000,Monetary,Other Expenses,Other,Electoral,2026 Annual,,,
3399817,1010388,"Vincenti, Patrick Friends for",VINCENTI,PATRICK,STEVEN,,Candidate,St. Patrick Church,Business/Group/Organization,615 Congress Ave,,Havre De Grace,MD,21078,,,,,,,,9/25/25,100,Monetary,Field Expenses,Event or Fair Booth Expenses,Electoral,2026 Annual,,,
2861081,1009180,"Smith, Pete Friends of",SMITH,PETER,ISIAH,,Candidate,Kingdom Celebrations Church,Business/Group/Organization,952 Annapolis Road,,Gambrills,MD,21054,,,,,,,,9/23/25,500,Monetary,Other Expenses,Other,Electoral,2026 Annual,,,
2860655,1000012,"Guthrie, Dion F. Citizens to Elect",GUTHRIE,DION,FRANCIS,,Candidate,The Church of the Resurrection,Business/Group/Organization,PO Box 222,,Joppa,MD,21085,,,,,,,,9/16/25,250,Monetary,Other Expenses,Other,Electoral,2026 Annual,,,
3099501,1005172,"Gahler, Jeff Committee To Elect",GAHLER,JEFFREY,RAY,,Candidate,St Patrick Church,Business/Group/Organization,615 Congress Avenue,,Havre de Grace,MD,21078,,,,,,,,9/12/25,100,Monetary,Field Expenses,Event or Fair Booth Expenses,Electoral,2026 Annual,,,
3516270,1011928,"El-Amin, Mahasin Friends of",EL-AMIN,MAHASIN,SHUKRIYAH,,Candidate,First Baptist Church of Highland Park,Business/Group/Organization,6801 Sheriff Road,,Landover,MD,20785,,,,,,,,9/9/25,250,Monetary,Media,Billboards / Outdoor Advertising,Electoral,2026 Annual,,,
2860142,1004996,"Harrison, Andrea Friends Of",HARRISON,ANDREA,CARLEEN,,Candidate,First Baptist Church of Highland Park,Business/Group/Organization,6801 Sheriff Road,,Landover,MD,20785,,,,,,,,9/1/25,370,Monetary,Media,Billboards / Outdoor Advertising,Electoral,2026 Annual,,,
3526039,1003390,"Metzgar, Ric Sr. Friends Of",METZGAR,RICHARD,WILLIAM,,Candidate,Immanuel Lutheran Church,Political Club,5701 Loch Raven Blvd,,Baltimore,MD,21239,,,,,,,,8/29/25,500,Monetary,Fundraiser,Fundraiser - General Expenses,Electoral,2026 Annual,,,
3235805,5007623,Wicomico County Republican Central Committee,,,,,Party Central,Delmarva Evangalistic Church,Business/Group/Organization,408 Gordy Road,,Salisbury,MD,21804,,,,,,,,8/25/25,50,Monetary,Rent and Other Office Expenses,Rent,Electoral,2026 Annual,,,
3666060,1003390,"Metzgar, Ric Sr. Friends Of",METZGAR,RICHARD,WILLIAM,,Candidate,Churches for Streets of Hope,Business/Group/Organization,P.O. Box 34073,,Essex,MD,21220,,,,,,,,8/25/25,500,Monetary,Other Expenses,Other,Electoral,2026 Annual,,,
3016771,5007623,Wicomico County Republican Central Committee,,,,,Party Central,Delmarva Evangalistic Church,Business/Group/Organization,408 Gordy Road,,Salisbury,MD,21804,,,,,,,,7/28/25,50,Monetary,Rent and Other Office Expenses,Rent,Electoral,2026 Annual,,,
3058278,5007521,Baltimore County Democratic Central Committee,,,,,Party Central,Woodbrook Baptist Church,Business/Group/Organization,25 Stevenson Ln,,Baltimore,MD,21212,,,,,,,,7/2/25,200,Monetary,Rent and Other Office Expenses,Office Rent,Electoral,2026 Annual,,,
3503213,1009308,"Charles, Nicholas Friends for",CHARLES,NICHOLAS,PATRICK,,Candidate,First Baptist Church of District Heights,Business/Group/Organization,7234 Landsdale St,,District Heights,MD,20747,,,,,,,,6/30/25,25,Monetary,Other Expenses,Other,Electoral,2026 Annual,,,
2858890,5007623,Wicomico County Republican Central Committee,,,,,Party Central,Delmarva Evangalistic Church,Business/Group/Organization,408 Gordy Road,,Salisbury,MD,21804,,,,,,,,6/23/25,50,Monetary,Rent and Other Office Expenses,Office Rent,Electoral,2026 Annual,,,
3503142,1009308,"Charles, Nicholas Friends for",CHARLES,NICHOLAS,PATRICK,,Candidate,First Baptist Church of District Heights,Business/Group/Organization,7234 Landsdale St,,District Heights,MD,20747,,,,,,,,6/9/25,25,Monetary,Other Expenses,Other,Electoral,2026 Annual,,,
3058277,5007521,Baltimore County Democratic Central Committee,,,,,Party Central,Woodbrook Baptist Church,Business/Group/Organization,25 Stevenson Ln,,Baltimore,MD,21212,,,,,,,,5/29/25,500,Monetary,Rent and Other Office Expenses,Office Rent,Electoral,2026 Annual,,,
3501627,1009308,"Charles, Nicholas Friends for",CHARLES,NICHOLAS,PATRICK,,Candidate,First Baptist Church of District Heights,Business/Group/Organization,7234 Landsdale St,,District Heights,MD,20747,,,,,,,,5/27/25,25,Monetary,Other Expenses,Other,Electoral,2026 Annual,,,
3058276,5007521,Baltimore County Democratic Central Committee,,,,,Party Central,Woodbrook Baptist Church,Business/Group/Organization,25 Stevenson Ln,,Baltimore,MD,21212,,,,,,,,5/19/25,200,Monetary,Rent and Other Office Expenses,Office Rent,Electoral,2026 Annual,,,
2856015,1009180,"Smith, Pete Friends of",SMITH,PETER,ISIAH,,Candidate,Asbury United Methodist Church,Business/Group/Organization,87 West St,,Annapolis,MD,21401,,,,,,,,5/5/25,60,Monetary,Other Expenses,Other,Electoral,2026 Annual,,,
2858891,5007623,Wicomico County Republican Central Committee,,,,,Party Central,Delmarva Evangalistic Church,Business/Group/Organization,408 Gordy Road,,Salisbury,MD,21804,,,,,,,,4/28/25,50,Monetary,Rent and Other Office Expenses,Office Rent,Electoral,2026 Annual,,,
2858281,4015327,Against Question A: Make Your Vote Count,,,,,Ballot Issue,People's Community Baptist Church,Business/Group/Organization,31 Norwood Rd,,Silver Spring,MD,20905,,,,,,,,4/24/25,175,Monetary,Other Expenses,Other,Electoral,2026 Annual,,,
2858282,4015327,Against Question A: Make Your Vote Count,,,,,Ballot Issue,People's Community Baptist Church,Business/Group/Organization,31 Norwood Rd,,Silver Spring,MD,20905,,,,,,,,4/24/25,175,Monetary,Other Expenses,Other,Electoral,2026 Annual,,,
3487506,1014474,"Ireland,(Todd) 4 Calvert",IRELAND,TODD,MATTHEW,,Candidate,Waters Memorial United Methodist Church,Non-Profit Organization,5400 Mackall Rd,,St Leonard,MD,20685,,,,,,,,4/14/25,250,Monetary,Other Expenses,Other,Electoral,2026 Annual,,,
2855500,5013471,Working Class Party Central Committee,,,,,Party Central,St Johns United Methodist Church,Business/Group/Organization,2640 St Paul St,,Baltimore,MD,21218,,,,,,,,4/6/25,50,Monetary,Other Expenses,Meeting Expenses,Electoral,2026 Annual,,,
3220774,5007623,Wicomico County Republican Central Committee,,,,,Party Central,Delmarva Evangalistic Church,Business/Group/Organization,408 Gordy Road,,Salisbury,MD,21804,,,,,,,,3/24/25,50,Monetary,Rent and Other Office Expenses,Rent,Electoral,2026 Annual,,,
2855216,1013743,"Bishop, David for House",BISHOP,DAVID,ANTHONY,,Candidate,College Parkway Baptist Church,Non-Profit Organization,301 College Parkway,,Arnold,MD,21012,,,,,,,,1/27/25,13.82,Monetary,Other Expenses,For Close Out Only - Charitable Donation,Electoral,2026 Annual,,,
3478907,1013883,"Ertel, Michael P. Friends of",ERTEL,MICHAEL,PATRICK,,Candidate,Babcock Presbyterian Church,Business/Group/Organization,8240 Loch Raven Blvd,,Towson,MD,21286,,,,,,,,1/24/25,250,Monetary,Field Expenses,Meeting Expenses,Electoral,2026 Annual,,,
2838311,1013791,"Thomas, Tim Voters to Elect",THOMAS,TIMOTHY,EDWARD,,Candidate,sand spring church,Non-Profit Organization,1030 fearer rd,,friendsville,MD,21531,,,,,,,,12/24/24,6.5,In-Kind,In-Kind,Fundraiser -General Expenses,Electoral,2026 Annual,,,
2844363,5007536,Frederick County Democratic Central Committee,,,,,Party Central,Evangelical Reformed United Church of Christ,Business/Group/Organization,15 West Church Street,,Frederick,MD,21701,,,,,,,,11/25/24,500,Monetary,Field Expenses,Event or Fair Booth Expenses,Electoral,2025 Annual,,,
2832490,1003398,"Jones, Julian Citizens For",JONES,JULIAN,EARL,,Candidate,Lochearn Presbyterian Church,Business/Group/Organization,3800 PATTERSON AVE,,GWYNN OAK,MD,21207,,,,,,,,10/25/24,100,Monetary,Other Expenses,Other,Electoral,2025 Annual,,,
2827196,1015204,"Carrington, (Charles) for Education",CARRINGTON,CHARLES,LAWRENCE VANCE,,Candidate,Immaculate Heart of Mary Catholic Church,Business/Group/Organization,22375 Three Notch Rd,,Lexington Park,MD,20653,,,,,,,,10/8/24,34.9,Monetary,Other Expenses,For Close Out Only - Charitable Donation,Electoral,2024 Presidential Pre-General2 Report,,,
2827425,1001676,"D'Adamo, Nick Jr. Friends Of Councilman",D'Adamo,Nicholas,C.,,Candidate,Church of Redemption,Business/Group/Organization,1401 Towson St,,Baltimore,MD,21230,,,,,,,,10/4/24,200,Monetary,Other Expenses,Other,Electoral,2024 Presidential Pre-General2 Report,,,
2826056,1011928,"El-Amin, Mahasin Friends of",EL-AMIN,MAHASIN,SHUKRIYAH,,Candidate,First Baptist Church of Highland Park,Business/Group/Organization,6801 Sheriff Road,,Landover,MD,20785,,,,,,,,9/16/24,250,Monetary,Fundraiser,Fundraiser -General Expenses,Electoral,2025 Annual,,,
2825964,1004996,"Harrison, Andrea Friends Of",HARRISON,ANDREA,CARLEEN,,Candidate,First Baptist Church of Highland Park,Business/Group/Organization,6801 Sheriff Road,,Landover,MD,20785,,,,,,,,9/12/24,250,Monetary,Field Expenses,Fair Expenses -General,Electoral,2025 Annual,,,
2849348,1003077,"Klausmeier, Kathy Friends Of",KLAUSMEIER,KATHERINE,A,,Candidate,St Michael Lutheran Church,Business/Group/Organization,9534 Belair Rd,,Baltimore,MD,21236,,,,,,,,9/3/24,100,Monetary,Other Expenses,Other,Electoral,2025 Annual,,,
2819565,1005703,"Marks, David Friends of",MARKS,DAVID,SCOTT,,Candidate,St. Michael Lutheran Church,Business/Group/Organization,9534 Belair Road,,Baltimore,MD,21236,,,,,,,,8/10/24,100,Monetary,Other Expenses,Other,Electoral,2024 Presidential Pre-General1 Report,,,
2826724,1009308,"Charles, Nicholas Friends for",CHARLES,NICHOLAS,PATRICK,,Candidate,The Heights Church - FBCDH,Business/Group/Organization,7234 Lansdale Street,,District Heights,MD,20747,,,,,,,,8/1/24,500,Monetary,Field Expenses,Event or Fair Booth Expenses,Electoral,2025 Annual,,,
2825972,1015005,"Wims, Greg Friends of",WIMS,WILLIAM,,,Candidate,Goshen United Methodist Church,Business/Group/Organization,19615 Goshen Road,,Gaithersburg,MD,20879,,,,,,,,7/12/24,400,Monetary,Fundraiser,Fundraiser - Hall/Venue Rental,Electoral,2025 Annual,,,
2825868,1007316,"Stokes, Robert Friends of",STOKES,ROBERT,RAPHELLE,,Candidate,AMES UNITED METHODIST CHURCH,Business/Group/Organization,112 Baltimore Pike,,Bel Air,MD,21014,,,,,,,,6/24/24,60,Monetary,Other Expenses,Other,Electoral,2024 Presidential Pre-General1 Report,,,
2821694,5007623,Wicomico County Republican Central Committee,,,,,Party Central,Delmarva Evangalistic Church,Business/Group/Organization,408 Gordy Road,,Salisbury,MD,21804,,,,,,,,6/3/24,50,Monetary,Rent and Other Office Expenses,Office Rent,Electoral,2024 Presidential Pre-General1 Report,,,
2847679,1002534,"Benson, Joanne C. Friends Of",BENSON,JOANNE,CLAYBON,,Candidate,St Margaret Catholic Church,Business/Group/Organization,408 Addison Rd,,Capitol Heights,MD,20743,,,,,,,,5/24/24,1000,Monetary,Other Expenses,Meeting Expenses,Electoral,2025 Annual,,,
2818758,5007597,Garrett County Republican Central Committee,,,,,Party Central,Trinity United Metodist Church,Business/Group/Organization,434 Vine St,,Westernport,MD,21562,,,,,,,,5/20/24,100,Monetary,Other Expenses,Other,Administrative,2024 Presidential Pre-General1 Report,,,
2821685,5007623,Wicomico County Republican Central Committee,,,,,Party Central,Delmarva Evangalistic Church,Business/Group/Organization,408 Gordy Road,,Salisbury,MD,21804,,,,,,,,5/6/24,50,Monetary,Rent and Other Office Expenses,Office Rent,Electoral,2024 Presidential Pre-General1 Report,,,
2840052,1012428,"Ellis, Arthur Elect",ELLIS,ARTHUR,CARR,,Candidate,New Hope AME Church,Business/Group/Organization,12310 Washington Square,,Waldorf,MD,20601,,,,,,,,4/9/24,100,Monetary,Other Expenses,Other,Electoral,2025 Annual,,,
2817329,1011737,"Crosby, Brian M. Committee to Elect",CROSBY,BRIAN,MICHAEL,,Candidate,Zion United Methodist Church,Business/Group/Organization,PO Box 341,,Lexington Park,MD,20653,,,,,,,,4/3/24,250,Monetary,Media,Book / Brochure Advertising,Electoral,2025 Annual,,,
2811039,5007623,Wicomico County Republican Central Committee,,,,,Party Central,Delmarva Evangalistic Church,Business/Group/Organization,408 Gordy Road,,Salisbury,MD,21804,,,,,,,,3/30/24,50,Monetary,Rent and Other Office Expenses,Office Rent,Electoral,2024 Presidential Pre-Primary1,,,
2812171,5007536,Frederick County Democratic Central Committee,,,,,Party Central,Evangelical Reformed United Church of Christ,Business/Group/Organization,15 West Church Street,,Frederick,MD,21701,,,,,,,,3/25/24,450,Monetary,Field Expenses,Meeting Expenses,Electoral,2024 Presidential Pre-Primary1,,,
2816794,1005642,"Morgan, Matt Citizens For",MORGAN,JAMES,MATTHEW,,Candidate,St. Francis Xavier Church,Business/Group/Organization,21370 Newtowne Neck Rd.,,Leonardtown,MD,20650,,,,,,,,3/18/24,100,Monetary,Media,Online Advertising,Electoral,2025 Annual,,,
2811035,5007623,Wicomico County Republican Central Committee,,,,,Party Central,Delmarva Evangalistic Church,Business/Group/Organization,408 Gordy Road,,Salisbury,MD,21804,,,,,,,,3/4/24,50,Monetary,Rent and Other Office Expenses,Office Rent,Electoral,2024 Presidential Pre-Primary1,,,
2811034,5007623,Wicomico County Republican Central Committee,,,,,Party Central,Delmarva Evangalistic Church,Business/Group/Organization,408 Gordy Road,,Salisbury,MD,21804,,,,,,,,2/5/24,50,Monetary,Rent and Other Office Expenses,Office Rent,Electoral,2024 Presidential Pre-Primary1,,,
2809232,1005816,"Sample-Hughes, (Sheree) Campaign Fund",SAMPLE-HUGHES,SHEREE,LYNNEA,,Candidate,Bethel AME Church,Business/Group/Organization,2335 Church Creek Road,,Cambridge,MD,21613,,,,,,,,1/24/24,20,Monetary,Other Expenses,Other,Electoral,2025 Annual,,,
2810152,1011298,"Middleton, Thomas (Mac) Friends of",MIDDLETON,THOMAS,MCLAIN,,Candidate,peace lutheran church,Non-Profit Organization,Waldorf,,Waldorf,MD,20603,,,,,,,,1/10/24,550,Monetary,Other Expenses,Other,Electoral,2024 Annual,,,
2819783,1014683,"Cameransi, Tracy for School Board",CAMERANSI,TRACY,LYNN,,Candidate,Still Pond Church,Business/Group/Organization,12801 Still Pond Road,,Still Pond,MD,21667,,,,,,,,1/10/24,122.56,Monetary,Other Expenses,Other,Electoral,2024 Annual,,,
2788949,5007623,Wicomico County Republican Central Committee,,,,,Party Central,Delmarva Evangalistic Church,Business/Group/Organization,408 Gordy Road,,Salisbury,MD,21804,,,,,,,,1/5/24,50,Monetary,Rent and Other Office Expenses,Office Rent,Electoral,2024 Annual,,,
2802967,1002534,"Benson, Joanne C. Friends Of",BENSON,JOANNE,CLAYBON,,Candidate,St Margarets Catholic Church,Business/Group/Organization,408 Addison Rd S,,Capitol Heights,MD,20743,,,,,,,,12/12/23,1000,Monetary,Other Expenses,Meeting Expenses,Electoral,2024 Annual,,,
2788948,5007623,Wicomico County Republican Central Committee,,,,,Party Central,Delmarva Evangalistic Church,Business/Group/Organization,408 Gordy Road,,Salisbury,MD,21804,,,,,,,,12/4/23,50,Monetary,Rent and Other Office Expenses,Office Rent,Electoral,2024 Annual,,,
2785598,1009180,"Smith, Pete Friends of",SMITH,PETER,ISIAH,,Candidate,Empowering Believers Church,Business/Group/Organization,7566 E Howard Rd,,Glen Burnie,MD,21061,,,,,,,,11/26/23,50,Monetary,Other Expenses,Other,Electoral,2024 Annual,,,
2797726,1007194,"Davis, (Ernest) Campaign for",DAVIS,ERNEST,FITZGERALD,,Candidate,Mt. Enoch Holy Church,Business/Group/Organization,28055 Rockawalkin Ridge Road,,Salisbury,MD,21801,,,,,,,,11/19/23,25,Monetary,Other Expenses,Other,Electoral,2024 Annual,,,
2785187,5007623,Wicomico County Republican Central Committee,,,,,Party Central,Delmarva Evangalistic Church,Business/Group/Organization,408 Gordy Road,,Salisbury,MD,21804,,,,,,,,11/7/23,50,Monetary,Rent and Other Office Expenses,Office Rent,Electoral,2024 Annual,,,
2796652,1011298,"Middleton, Thomas (Mac) Friends of",MIDDLETON,THOMAS,MCLAIN,,Candidate,peace lutheran church,Non-Profit Organization,Waldorf,,Waldorf,MD,20603,,,,,,,,10/11/23,500,Monetary,Field Expenses,Other,Electoral,2024 Annual,,,
2785185,5007623,Wicomico County Republican Central Committee,,,,,Party Central,Delmarva Evangalistic Church,Business/Group/Organization,408 Gordy Road,,Salisbury,MD,21804,,,,,,,,10/3/23,50,Monetary,Rent and Other Office Expenses,Office Rent,Electoral,2024 Annual,,,
2796659,1011298,"Middleton, Thomas (Mac) Friends of",MIDDLETON,THOMAS,MCLAIN,,Candidate,good shepherd church,Non-Profit Organization,Smallwood Drive,,waldorf,MD,20602,,,,,,,,10/2/23,1000,Monetary,Field Expenses,Other,Electoral,2024 Annual,,,
2786452,5007536,Frederick County Democratic Central Committee,,,,,Party Central,Evangelical Reformed United Church of Christ,Business/Group/Organization,15 West Church Street,,Frederick,MD,21701,,,,,,,,10/1/23,225,Monetary,Field Expenses,Event or Fair Booth Expenses,Electoral,2024 Annual,,,
2786453,5007536,Frederick County Democratic Central Committee,,,,,Party Central,Evangelical Reformed United Church of Christ,Business/Group/Organization,15 West Church Street,,Frederick,MD,21701,,,,,,,,10/1/23,225,Monetary,Field Expenses,Event or Fair Booth Expenses,Electoral,2024 Annual,,,
2784022,1003398,"Jones, Julian Citizens For",JONES,JULIAN,EARL,,Candidate,Liberty Seventh Day Adventist Church,Business/Group/Organization,3301 Milford Mill Road,,WIndsor MIll,MD,21244,,,,,,,,9/12/23,100,Monetary,Fundraiser,Event or Fair Booth Expenses,Electoral,2024 Annual,,,
2785172,5007623,Wicomico County Republican Central Committee,,,,,Party Central,Delmarva Evangalistic Church,Business/Group/Organization,408 Gordy Road,,Salisbury,MD,21804,,,,,,,,9/11/23,50,Monetary,Rent and Other Office Expenses,Office Rent,Electoral,2024 Annual,,,
2809536,1006069,"Brooks, Benjamin Friends of",BROOKS,BENJAMIN,THOMAS,,Candidate,"St. Luke""s United Methodist Church",Business/Group/Organization,60 Bond Street,,Reisterstown,MD,21136,,,,,,,,8/28/23,130,Monetary,Other Expenses,Other,Electoral,2024 Annual,,,
2796848,1012428,"Ellis, Arthur Elect",ELLIS,ARTHUR,CARR,,Candidate,Metropolitan United Methodist Church,Non-Profit Organization,3385 Metropolitan Church Rd,,Indian Head,MD,20640,,,,,,,,8/26/23,155,Monetary,Other Expenses,Other,Electoral,2024 Annual,,,
2785167,5007623,Wicomico County Republican Central Committee,,,,,Party Central,Delmarva Evangalistic Church,Business/Group/Organization,408 Gordy Road,,Salisbury,MD,21804,,,,,,,,8/7/23,50,Monetary,Rent and Other Office Expenses,Office Rent,Electoral,2024 Annual,,,
2788938,1011623,"Hawkins, Calvin For County Executive",HAWKINS,CALVIN,SYLVESTER,,Candidate,Nineteenth Street Baptist Church,Business/Group/Organization,4606 16th Street NW,,Washington,DC,20011,,,,,,,,7/24/23,475,Monetary,Field Expenses,Other,Electoral,2024 Annual,,,
2783328,1009263,"Carozza, Mary Beth Friends of",CAROZZA,MARY,ELIZABETH,,Candidate,St George Greek Orthodox Church,Business/Group/Organization,8805 Coastal Highway,,Ocean City,MD,21842,,,,,,,,7/10/23,75,Monetary,Media,Book / Brochure Advertising,Electoral,2024 Annual,,,
2809533,1006069,"Brooks, Benjamin Friends of",BROOKS,BENJAMIN,THOMAS,,Candidate,Waters AME Church,Business/Group/Organization,417 Asquith Street,,Baltimore,MD,21202,,,,,,,,7/6/23,225,Monetary,Other Expenses,Other,Electoral,2024 Annual,,,
2790065,2012089,"25th District Leadership Team Slate, The",,,,,Slate,First Baptist Church of District Heights,Business/Group/Organization,7234 Lansdale Street,,District Heights,MD,20747,,,,,,,,7/3/23,1000,Monetary,Field Expenses,Other,Electoral,2024 Annual,,,
2785163,5007623,Wicomico County Republican Central Committee,,,,,Party Central,Delmarva Evangalistic Church,Business/Group/Organization,408 Gordy Road,,Salisbury,MD,21804,,,,,,,,6/29/23,50,Monetary,Rent and Other Office Expenses,Office Rent,Electoral,2024 Annual,,,
2804273,1009918,"Bowling, Gilbert Friends of",BOWLING,GILBERT,O,,Candidate,Faith Temple Baptist Church,Non-Profit Organization,5 E. Hawthorne Dr.,,LaPlata,MD,20646,,,,,,,,6/28/23,250,Monetary,Other Expenses,Meeting Expenses,Electoral,2024 Annual,,,
2801940,1010251,"Shackelford, Derek Friends of",SHACKELFORD,DEREK,TIMOTHY,,Candidate,PLEASANT VIEW CHURCH,Business/Group/Organization,PO BOX 175,,JEFFERSON,MD,21755-0175,,,,,,,,6/10/23,200,Monetary,Fundraiser,Fundraiser -General Expenses,Electoral,2024 Annual,,,
2785161,5007623,Wicomico County Republican Central Committee,,,,,Party Central,Delmarva Evangalistic Church,Business/Group/Organization,408 Gordy Road,,Salisbury,MD,21804,,,,,,,,6/5/23,50,Monetary,Rent and Other Office Expenses,Office Rent,Electoral,2024 Annual,,,
2804047,1006627,"Guzzone, Guy Friends Of",GUZZONE,GUY,JOSEPH,,Candidate,St. John Baptist Church,Business/Group/Organization,9055 Tamar Dr,,Columbia,MD,21045,,,,,,,,5/10/23,250,Monetary,Other Expenses,Other,Electoral,2024 Annual,,,
2788711,1011623,"Hawkins, Calvin For County Executive",HAWKINS,CALVIN,SYLVESTER,,Candidate,New Psalmist Baptist Church,Business/Group/Organization,6020 Mariam Dr,,Baltimore,MD,21215,,,,,,,,5/2/23,1000,Monetary,Other Expenses,Other,Electoral,2024 Annual,,,
2785160,5007623,Wicomico County Republican Central Committee,,,,,Party Central,Delmarva Evangalistic Church,Business/Group/Organization,408 Gordy Road,,Salisbury,MD,21804,,,,,,,,5/1/23,50,Monetary,Rent and Other Office Expenses,Office Rent,Electoral,2024 Annual,,,
2808785,1009308,"Charles, Nicholas Friends for",CHARLES,NICHOLAS,PATRICK,,Candidate,Freedom Way Missionary Baptist Church,Business/Group/Organization,1266 Benning Road,,Capitol Heights,MD,20743,,,,,,,,4/22/23,480,Monetary,Field Expenses,Event or Fair Booth Expenses,Electoral,2024 Annual,,,
2785159,5007623,Wicomico County Republican Central Committee,,,,,Party Central,Delmarva Evangalistic Church,Business/Group/Organization,408 Gordy Road,,Salisbury,MD,21804,,,,,,,,4/3/23,50,Monetary,Rent and Other Office Expenses,Office Rent,Electoral,2024 Annual,,,
2785158,5007623,Wicomico County Republican Central Committee,,,,,Party Central,Delmarva Evangalistic Church,Business/Group/Organization,408 Gordy Road,,Salisbury,MD,21804,,,,,,,,3/4/23,50,Monetary,Rent and Other Office Expenses,Office Rent,Electoral,2024 Annual,,,
2777212,1011737,"Crosby, Brian M. Committee to Elect",CROSBY,BRIAN,MICHAEL,,Candidate,Zion United Methodist Church,Business/Group/Organization,PO Box 341,,Lexington Park,MD,20653,,,,,,,,2/21/23,500,Monetary,Media,Book / Brochure Advertising,Electoral,2024 Annual,,,
2777102,1005816,"Sample-Hughes, (Sheree) Campaign Fund",SAMPLE-HUGHES,SHEREE,LYNNEA,,Candidate,Bethel AME Church,Business/Group/Organization,2335 Church Creek Road,,Cambridge,MD,21613,,,,,,,,2/15/23,20,Monetary,Other Expenses,Other,Electoral,2024 Annual,,,
2808824,1013885,"Phillips, N. Scott Citizens for",PHILLIPS,NORMAN,SCOTT,,Candidate,Wayland Baptist Church,Business/Group/Organization,3200 Garrison Blvd,,Baltimore,MD,21216,,,,,,,,2/14/23,90,Monetary,Other Expenses,For Close Out Only - Charitable Donation,Electoral,2024 Annual,,,
2785155,5007623,Wicomico County Republican Central Committee,,,,,Party Central,Delmarva Evangalistic Church,Business/Group/Organization,408 Gordy Road,,Salisbury,MD,21804,,,,,,,,2/5/23,50,Monetary,Rent and Other Office Expenses,Office Rent,Electoral,2024 Annual,,,
2770094,5007623,Wicomico County Republican Central Committee,,,,,Party Central,Delmarva Evangalistic Church,Non-Profit Organization,408 Gordy Road,,Salisbury,MD,21804,,,,,,,,1/2/23,50,Monetary,Rent and Other Office Expenses,Office Rent,Electoral,2023 Annual,,,
2773117,1014381,"Coles, Charles M. Campaign to Elect",COLES,CHARLES,MCDONALD,,Candidate,St. Paul's United Methodist Church,Non-Profit Organization,200 Main Street,,New Windsor,MD,21776,,,,,,,,12/31/22,34,Monetary,Other Expenses,For Close Out Only - Charitable Donation,Electoral,2023 Annual,,,
2769489,5007623,Wicomico County Republican Central Committee,,,,,Party Central,Delmarva Evangalistic Church,Non-Profit Organization,408 Gordy Road,,Salisbury,MD,21804,,,,,,,,12/6/22,50,Monetary,Rent and Other Office Expenses,Office Rent,Electoral,2023 Annual,,,
2769015,1013915,"Wade, Vernon Friends of",WADE,VERNON,L,,Candidate,St. Stephan's Baptist Church,Business/Group/Organization,5757 Temple Hill Rd,,Camp Springs,MD,20748,,,,,,,,11/22/22,629.11,Monetary,Other Expenses,For Close Out Only - Charitable Donation,Electoral,2023 Annual,,,
2760257,2014837,Working Class Party Slate,,,,,Slate,St Johns Church,Business/Group/Organization,2640 St Paul Street,,Baltimore,MD,21218,,,,,,,,11/13/22,50,Monetary,Other Expenses,Meeting Expenses,Electoral,2022 Gubernatorial Post-General,,,
2760458,1007194,"Davis, (Ernest) Campaign for",DAVIS,ERNEST,FITZGERALD,,Candidate,Mt. Enoch Holy Church,Business/Group/Organization,28055 Rockaalkin Ridge Road,,Salisbury,MD,21801,,,,,,,,11/1/22,200,Monetary,Other Expenses,Meeting Expenses,Electoral,2022 Gubernatorial Post-General,,,
2760326,1014163,"Haythe, Keasha Friends for",HAYTHE,KEASHA,N,,Candidate,St. Luke United Methodist Church,Business/Group/Organization,5642 Poplar Lane,,Royal Oak,MD,21662,,,,,,,,10/15/22,100,Monetary,Other Expenses,Other,Electoral,2022 Gubernatorial Pre-General2 Report,,,
2743670,2014837,Working Class Party Slate,,,,,Slate,St Johns Church,Business/Group/Organization,2640 St Paul Street,,Baltimore,MD,21218,,,,,,,,9/18/22,50,Monetary,Other Expenses,Meeting Expenses,Electoral,2022 Gubernatorial Pre-General2 Report,,,
2752329,1005524,"Valentino-Smith, Geraldine Friends for",VALENTINO-SMITH,GERALDINE,,,Candidate,Sacred Heart Church,Business/Group/Organization,16501Annapolis Road,,Bowie,MD,20715,,,,,,,,9/11/22,250,Monetary,Other Expenses,Other,Electoral,2022 Gubernatorial Pre-General2 Report,,,
2757898,1011936,"Porter, Phylicia Friends for",PORTER,PHYLICIA,,,Candidate,Mt. Winans First Baptist Church,Business/Group/Organization,2417 Puget Ave,,Baltimore,MD,21230,,,,,,,,8/31/22,100,Monetary,Fundraiser,Fundraiser -General Expenses,Electoral,2022 Gubernatorial Pre-General2 Report,,,
2736007,1014543,"Alvarez, Diane for Board of Education",ALVAREZ,DIANE,MARIE,,Candidate,St Patrick's Church,Business/Group/Organization,615 Congress Ave,,Havre De Grace,MD,21078,,,,,,,,8/23/22,50,Monetary,Fundraiser,Fundraiser - Entertainment,Electoral,2022 Gubernatorial Pre-General1 Report,,,
2740452,1013784,"Parker, Crystal Jackson Citizens for",PARKER,CRYSTAL,JACKSON,,Candidate,First Mount Calvary Baptist Church,Non-Profit Organization,1142 N Fulton Avenue,,Baltimore,MD,21217,,,,,,,,8/22/22,500,Monetary,Other Expenses,Other,Electoral,2022 Gubernatorial Pre-General1 Report,,,
2738693,1009308,"Charles, Nicholas Friends for",CHARLES,NICHOLAS,PATRICK,,Candidate,First Baptist Church of District Heights,Business/Group/Organization,7234 Landsdale St,,District Heights,MD,20747,,,,,,,,8/19/22,2000,Monetary,Other Expenses,Other,Electoral,2022 Gubernatorial Pre-General1 Report,,,
2739982,1005366,"Anderson, Curt Team",ANDERSON,CURTIS,STOVALL,,Candidate,Ray of Hope Baptist Church,Non-Profit Organization,3000 Parkside Drive,,Baltimore,MD,21214,,,,,,,,8/16/22,425,Monetary,Other Expenses,For Close Out Only - Charitable Donation,Electoral,2022 Gubernatorial Pre-General1 Report,,,
2730891,1013773,"Merillat, Kevin 4 Delegate",MERILLAT,KEVIN,DOUGLAS,,Candidate,Our Lady Star of the Sea Catholic Church,Business/Group/Organization,50 Alexander Lane,,Solomons,MD,20688,,,,,,,,8/15/22,2746.5,Monetary,Other Expenses,For Close Out Only - Charitable Donation,Electoral,2022 Gubernatorial Pre-General1 Report,,,
2729679,1011737,"Crosby, Brian M. Committee to Elect",CROSBY,BRIAN,MICHAEL,,Candidate,St. Luke's United Methodist Church,Business/Group/Organization,12880 Point Lookout Rd,,Ridge,MD,20680,,,,,,,,8/11/22,250,Monetary,Media,Book / Brochure Advertising,Electoral,2022 Gubernatorial Pre-General1 Report,,,
2731889,1009219,"Sydnor, Charles Citizens for",SYDNOR,CHARLES,EDWARD,,Candidate,Morning Star Baptist Church,Business/Group/Organization,1512 Woodlawn Drive,,Gwynn Oak,MD,21207,,,,,,,,7/15/22,600,Monetary,Other Expenses,Other,Electoral,2022 Gubernatorial Pre-General1 Report,,,
2713633,1014048,"Demko, George Friends of",DEMKO,GEORGE,MICHAEL,,Candidate,St. Mary's Episcopal Church,Business/Group/Organization,20972 Nanticoke Rd,,Bivalve,MD,21814,,,,,,,,6/26/22,100,Monetary,Other Expenses,Meeting Expenses,Electoral,2022 Gubernatorial Pre-Primary2,,,
2721789,1012255,"Duckett, (Kavonte) for Frederick",DUCKETT,KAVONTE,DE SHAWN,,Candidate,PLEASANT VIEW UM CHURCH,Business/Group/Organization,1865 PLEASANT VIEW RD,,ADAMSTOWN,MD,21710,,,,,,,,6/8/22,320,Monetary,Fundraiser,Fundraiser - Entertainment,Electoral,2022 Gubernatorial Pre-Primary2,,,
2695602,1011623,"Hawkins, Calvin For County Executive",HAWKINS,CALVIN,SYLVESTER,,Candidate,First Baptist Church of Highland Park,Business/Group/Organization,6801 Sheriff Road,,Landover,MD,20785,,,,,,,,5/11/22,2500,Monetary,Other Expenses,Other,Electoral,2022 Gubernatorial Pre-Primary1,,,
2682762,5007597,Garrett County Republican Central Committee,,,,,Party Central,Mt. Zion United Methodist Church,Non-Profit Organization,2693 Old Frostburg Road,,Frostburg,MD,21532,,,,,,,,4/23/22,50,Monetary,Other Expenses,Other,Administrative,2022 Gubernatorial Pre-Primary1,,,
2703249,5007593,Dorchester County Republican Central Committee,,,,,Party Central,Corner Stone Church,Business/Group/Organization,P.O. Box 592,,Arnold,MD,21012,,,,,,,,4/2/22,425,Monetary,Fundraiser,Fundraiser -General Expenses,Electoral,2022 Gubernatorial Pre-Primary1,,,
2678631,1011737,"Crosby, Brian M. Committee to Elect",CROSBY,BRIAN,MICHAEL,,Candidate,Zion United Methodist Church,Non-Profit Organization,21291 Three Notch Rd,,Lexington Park,MD,20653,,,,,,,,3/28/22,500,Monetary,Other Expenses,Other,Electoral,2022 Gubernatorial Pre-Primary1,,,
2677061,1005816,"Sample-Hughes, (Sheree) Campaign Fund",SAMPLE-HUGHES,SHEREE,LYNNEA,,Candidate,Bethel AME Church,Business/Group/Organization,2335 Church Creek Road,,Cambridge,MD,21613,,,,,,,,3/2/22,10,Monetary,Other Expenses,Meeting Expenses,Electoral,2022 Gubernatorial Pre-Primary1,,,
2645515,1012428,"Ellis, Arthur Elect",ELLIS,ARTHUR,CARR,,Candidate,Zion Baptist Church,Business/Group/Organization,8105 Annapolis Woods Roaad,,Welcome,MD,20693,,,,,,,,12/18/21,100,Monetary,Other Expenses,Meeting Expenses,Electoral,2022 Annual,,,
2667305,1011910,"Khan, Aisha Friends of",KHAN,AISHA,SIDDIQA,,Candidate,Kingdom Life Church Apostolic,Business/Group/Organization,504 Annabel Ave,,Brooklyn,MD,21225,,,,,,,,11/22/21,450,Monetary,Other Expenses,Other,Electoral,2022 Annual,,,
2642288,1013579,"Schlossnagle, Brian Citizens For",SCHLOSSNAGLE,BRIAN,EDWARD,,Candidate,Mountain Lake Independent Baptist Church,Business/Group/Organization,1005 Broadford Rd,,Oakland,MD,21550,,,,,,,,10/28/21,50,Monetary,Field Expenses,Event or Fair Booth Expenses,Electoral,2022 Annual,,,
2645249,1002591,"Eckardt, Addie Friends To Re-Elect",ECKARDT,ADELAIDE,CAMPBELL,,Candidate,Christ Church,Business/Group/Organization,601 Church St.,,Cambridge,MD,21613,,,,,,,,10/7/21,65,Monetary,Other Expenses,Other,Electoral,2022 Annual,,,
2666887,1009918,"Bowling, Gilbert Friends of",BOWLING,GILBERT,O,,Candidate,Faith Temple Baptist Church,Non-Profit Organization,7 E Hawthorne Dr.,,laplata,MD,20646,,,,,,,,9/11/21,200,Monetary,Field Expenses,Event or Fair Booth Expenses,Electoral,2022 Annual,,,
2667604,1013622,"Mayo(Key), Loralyn Friends of",KEY,LORALYN,KAY,,Candidate,FAITH CITY CHURCH,Non-Profit Organization,8329 OLD MARLBORO PIKE #B2,,UPPER MARLBORO,MD,20772,,,,,,,,9/5/21,40,Monetary,Other Expenses,Meeting Expenses,Electoral,2022 Annual,,,
2640422,1005642,"Morgan, Matt Citizens For",MORGAN,JAMES,MATTHEW,,Candidate,St. Francis Xavier Church,Business/Group/Organization,21370 Newtowne Neck Rd.,,Leonardtown,MD,20650,,,,,,,,9/3/21,100,Monetary,Other Expenses,Billboards / Outdoor Advertising,Electoral,2022 Annual,,,
2641750,1003759,"Davis, Dereck Friends Of",DAVIS,DERECK,E,,Candidate,Forestville New Redeemer Baptist Church,Non-Profit Organization,200 Marbury Drive,,District Heights,MD,20747,,,,,,,,8/27/21,500,Monetary,Field Expenses,Other,Electoral,2022 Annual,,,
2671305,1009412,"Salling, Johnny Ray Friends of",SALLING,JOHNNY,RAY,,Candidate,TRINITY CHURCH OF GOD,Business/Group/Organization,621 WILLIAMS AVE,,ESSEX,MD,21221,,,,,,,,8/27/21,780,Monetary,Field Expenses,Meeting Expenses,Electoral,2022 Annual,,,
2661231,15013651,"Barrie ,Fatmata for County Council",BARRIE,FATMATA,,,Public Financing,The Peopleâ€™s Community Baptist Church,Business/Group/Organization,31 Norwood Road,,Silver Spring,MD,20905,,,,,,,,8/26/21,100,Monetary,Field Expenses,Event or Fair Booth Expenses,Electoral,2022 Annual,,,
2647258,1001676,"D'Adamo, Nick Jr. Friends Of Councilman",D'Adamo,Nicholas,C.,,Candidate,St. Leo the Great Church,Business/Group/Organization,227 S. Exeter St.,,Baltimore,MD,21202,,,,,,,,7/18/21,140,Monetary,Other Expenses,Other,Electoral,2022 Annual,,,
2667590,1013622,"Mayo(Key), Loralyn Friends of",KEY,LORALYN,KAY,,Candidate,FAITH CITY CHURCH,Non-Profit Organization,8329 OLD MARLBORO PIKE #B2,,UPPER MARLBORO,MD,20772,,,,,,,,6/23/21,80,Monetary,Other Expenses,Meeting Expenses,Electoral,2022 Annual,,,
2647257,1001676,"D'Adamo, Nick Jr. Friends Of Councilman",D'Adamo,Nicholas,C.,,Candidate,St. Leo the Great Church,Business/Group/Organization,227 S. Exeter St.,,Baltimore,MD,21202,,,,,,,,6/22/21,100,Monetary,Other Expenses,Other,Electoral,2022 Annual,,,
2646831,1011498,"Elfreth, Sarah Friends of",ELFRETH,SARAH,KELLY,,Candidate,Unitarian Universalist Church,Business/Group/Organization,333 Dubois Road,,Annapolis,MD,21401,,,,,,,,6/16/21,107.72,Monetary,Field Expenses,Event or Fair Booth Expenses,Electoral,2022 Annual,,,
2656337,1013601,"Baron, Jon (Jonathan) for Maryland",BARON,JONATHAN,,,Candidate,Brookmont Church,Business/Group/Organization,4000 Virginia Pl,,Bethesda,MD,20816,,,,,,,,5/30/21,50,Monetary,Other Expenses,Other,Electoral,2022 Annual,,,
2656335,1013601,"Baron, Jon (Jonathan) for Maryland",BARON,JONATHAN,,,Candidate,Brookmont Church,Business/Group/Organization,4000 Virginia Pl,,Bethesda,MD,20816,,,,,,,,5/22/21,250,Monetary,Other Expenses,Other,Electoral,2022 Annual,,,
2662024,1011623,"Hawkins, Calvin For County Executive",HAWKINS,CALVIN,SYLVESTER,,Candidate,Word of GOD Community Church,Business/Group/Organization,4109 Edmonston Rd,,Bladensburg,MD,20710,,,,,,,,2/17/21,1000,Monetary,Field Expenses,Other,Electoral,2022 Annual,,,
2628048,1001636,"Krebs, Susan Friends Of",KREBS,SUSAN,WOLF,,Candidate,Wesley Freedom United Methodist Church,Business/Group/Organization,961 Johnsville Road,,Eldersburg,MD,21784,,,,,,,,10/25/20,250,Monetary,Media,Book / Brochure Advertising,Electoral,2021 Annual,,,
2625758,1000777,"Aumann, Susan For Delegate",AUMANN,SUSAN,MUELLER,,Candidate,Zion Church of the City of Baltimore,Non-Profit Organization,400 E. Lexington Street,,Baltimore,MD,21202,,,,,,,,10/9/20,1000,Monetary,Other Expenses,For Close Out Only - Charitable Donation,Electoral,2021 Annual,,,
2631751,1000621,"Reilly, Ed Friends Of Big",REILLY,EDWARD,RICHARD,,Candidate,Sacred Heart Catholic Church,Business/Group/Organization,16501 Annapolis Road,,Bowie,MD,20715,,,,,,,,9/29/20,250,Monetary,Media,Book / Brochure Advertising,Electoral,2021 Annual,,,
2626117,1007297,"Barnes, Darryl Friends For",BARNES,DARRYL,LAMONT,,Candidate,Impact One Church,Business/Group/Organization,7230 Central Avenue,,Capitol Heights,MD,20743,,,,,,,,9/14/20,1500,Monetary,Fundraiser,Fundraiser -General Expenses,Electoral,2021 Annual,,,
2626245,1002045,"Miller, Mike Marylanders For",MILLER,THOMAS,VINCENT,,Candidate,Communion Church,Business/Group/Organization,25 Church Street,,Prince Frederick,MD,20678,,,,,,,,4/1/20,500,Monetary,Other Expenses,Other,Electoral,2021 Annual,,,
2626239,1002045,"Miller, Mike Marylanders For",MILLER,THOMAS,VINCENT,,Candidate,Asbury United Methodist Church,Business/Group/Organization,87 West Street,,Annapolis,MD,21401-2235,,,,,,,,3/9/20,250,Monetary,Other Expenses,Other,Electoral,2021 Annual,,,
2622205,1003448,"Astle, John C. Friends Of",ASTLE,JOHN,CHANDLEE,,Candidate,First Presbyterian Church of Annapolis,Non-Profit Organization,171 Duke of Gloucester Street,,Annapolis,MD,21401,,,,,,,,2/24/20,74.22,Monetary,Other Expenses,For Close Out Only - Charitable Donation,Electoral,2021 Annual,,,
2622166,1011737,"Crosby, Brian M. Committee to Elect",CROSBY,BRIAN,MICHAEL,,Candidate,First Missionary Baptist Church,Business/Group/Organization,PO Box 1663,,Lexington Park,MD,20653,,,,,,,,1/20/20,135,Monetary,Media,Book / Brochure Advertising,Electoral,2021 Annual,,,
2627418,1003390,"Metzgar, Ric Sr. Friends Of",METZGAR,RICHARD,WILLIAM,,Candidate,North Point Baptist Church,Business/Group/Organization,"4201 North Point Blvd,",,Baltimore,MD,21222,,,,,,,,1/20/20,70,Monetary,Other Expenses,Other,Electoral,2021 Annual,,,
2770542,5007529,Caroline County Democratic Central Committee,,,,,Party Central,St. Lukes United Methodist Church,Business/Group/Organization,100 S. 5th Ave,,Denton,MD,21629,,,,,,,,9/20/17,125,Monetary,Other Expenses,Meeting Expenses,Electoral,2023 Annual,,,
2846464,3007494,Beretta U.S.A. PAC,,,,,PAC,St. Marys Catholic School,Non-Profit Organization,13715 Notre Dame Pl,,Bryantown,MD,20617,,,,,,,,10/20/24,2005.43,Monetary,Other Expenses,For Close Out Only - Charitable Donation,Electoral,2025 Annual,,,
2848856,1007297,"Barnes, Darryl Friends For",BARNES,DARRYL,LAMONT,,Candidate,ST MARYS ROMAN CATHOLIC CONG.,Non-Profit Organization,"109 DUKE OF GLOUCESTER ST,",,ANNAPOLIS,MD,21401,,,,,,,,1/31/24,450,Monetary,Other Expenses,Meeting Expenses,Electoral,2025 Annual,,,
2796361,1002888,"McCarthy, John J. Friends Of",McCarthy,John,J.,,Candidate,The Catholic University,Business/Group/Organization,620 Michigan Ave,,Washington,DC,20064,,,,,,,,11/13/23,500,Monetary,Other Expenses,Other,Electoral,2024 Annual,,,
2749020,1006817,"Hershey, Steve Friends of",HERSHEY,STEPHEN,S,,Candidate,Catholic University,Business/Group/Organization,620 Michigan Ave. NE,,Washington,DC,20064,,,,,,,,10/18/22,200,Monetary,Other Expenses,Other,Electoral,2022 Gubernatorial Pre-General2 Report,,,
2852864,1009384,"Mautz, (John) Johnny Friends of",MAUTZ,JOHN,FREDERICK,,Candidate,Temple B Israel,Business/Group/Organization,Rt 50,,Easton,MD,21601,,,,,,,,10/25/24,360.00 ,Monetary,Media,Book / Brochure Advertising,Electoral,2025 Annual,,,